{
  "baseline (wearable only)": {
    "accuracy": 0.8932265598932265,
    "f1": 0.7861915367483296,
    "precision": 0.7071314102564102,
    "recall": 0.8851554663991976,
    "auroc": 0.9579245812326217,
    "n_pos": 1994,
    "n_total": 8991
  },
  "augmented (+ cortisol)": {
    "accuracy": 0.9466132799466133,
    "f1": 0.8863636363636364,
    "precision": 0.8394618834080717,
    "recall": 0.9388164493480441,
    "auroc": 0.9865200145240639,
    "n_pos": 1994,
    "n_total": 8991
  },
  "cortisol only": {
    "accuracy": 0.8609720831943054,
    "f1": 0.7199820788530465,
    "precision": 0.6506072874493927,
    "recall": 0.8059177532597793,
    "auroc": 0.9175745042760123,
    "n_pos": 1994,
    "n_total": 8991
  }
}